Optimised parameters,Optimal MM nr,nr iterations,nr evaluations
"[2.645775539630579, 3.354794567003954, 1.9999491067150337, 0.018919757527504695, 0.22535016534790409]",29.74125636647033,289,538
