Optimised parameters,Optimal MM nr,nr iterations,nr evaluations
"[3.4419240323524516, 2.559777335104156, 1.9999957745152388, 0.04713720294888506, 0.300029850199541]",26.826992316185823,452,765
