Optimised parameters,Optimal MM nr,nr iterations,nr evaluations
"[1.3099326348541622, 1.3742414656678008, 4.00000306138272, 5.000000290003924]",25.177789291135284,158,293
