Optimised parameters,Optimal MM nr,nr iterations,nr evaluations
"[2.999960787194917, 2.0000079322994777, 3.0000007154026394]",30.023371838263706,90,180
