Optimised parameters,Optimal MM nr,nr iterations,nr evaluations
"[1.9999461625603785, 2.9755971515030177, 1.9999784486503347, 0.40616615932406436, 0.1716731657443638]",27.352984760341258,141,250
