Optimised parameters,Optimal MM nr,nr iterations,nr evaluations
"[3.000002998954792, 2.001030830876763, 3.0112240717582166]",30.417030578579556,100,191
