Optimised parameters,Optimal MM nr,nr iterations,nr evaluations
"[2.404697155815829, 2.9909572806938716, 1.999996227372447, 0.4402689799311108, 0.05280798645644684]",26.665348383198754,336,588
