Optimised parameters,Optimal MM nr,nr iterations,nr evaluations
"[3.2430177383514707, 3.7569781000994347, 2.0000001267772385, 0.40201574995158695, 0.2694328629692248]",29.816829471635167,267,478
