Optimised parameters,Optimal MM nr,nr iterations,nr evaluations
"[1.1646780394656835, 1.3677233927303676, 6.410868468731547, 4.00000000003391]",21.457701095602413,167,314
