Optimised parameters,Optimal MM nr,nr iterations,nr evaluations
"[2.046616366367294, 2.9534301746962046, 1.9999901382048721, 0.4845384557802174, 0.032648404990103436]",29.502310057112805,279,488
