Optimised parameters,Optimal MM nr,nr iterations,nr evaluations
"[3.021340796690365, 1.7434812110242008, 3.0000023095722232, 4.235175528265632]",26.026944654000623,302,532
