Optimised parameters,Optimal MM nr,nr iterations,nr evaluations
"[1.9999991585393968, 1.598778569204191, 3.6541553689470225, 1.999969733876056, 0.30833243292993007, 0.052024016492979594, 0.5580366423831958, 0.08619247325889688]",14.072062260493048,649,1052
