Optimised parameters,Optimal MM nr,nr iterations,nr evaluations
"[5.000000648470628, 3.9999657194840976, 2.0000023348933045, 0.49891390328111707, 0.1988962098929232]",29.563994245460908,299,528
