Optimised parameters,Optimal MM nr,nr iterations,nr evaluations
"[4.324883215411615, 2.000000060037043, 1.997365977494151, 0.12904446802631467, 0.2249659279180362]",27.20353172157213,475,827
