Optimised parameters,Optimal MM nr,nr iterations,nr evaluations
"[2.0243638149023004, 2.975706100261937, 1.9999994527407727, 0.013013445884003667, 0.2516324074487666]",26.90739770344479,563,980
