Optimised parameters,Optimal MM nr,nr iterations,nr evaluations
"[5.73458025353192, 2.0000047887068533, 1.999701140852671, 0.07190517996651233, 0.3178881916990517]",29.89561021320032,287,490
