Optimised parameters,Optimal MM nr,nr iterations,nr evaluations
"[2.4617193285773755, 2.5382916474914907, 1.9999891615753342, 0.014348404388990056, 0.33805516306911965]",26.807393080703786,247,432
