Optimised parameters,Optimal MM nr,nr iterations,nr evaluations
"[1.713378586260446, 1.9999998400483499, 3.426690326168063, 1.9999963876697384, 0.34170903654931295, 0.10119087009376315, 0.40508621615571916, 0.04731263396910357]",14.08949726969356,680,1098
