Optimised parameters,Optimal MM nr,nr iterations,nr evaluations
"[2.795897096375176, 1.999995195926352, 1.968892044012779, 0.16808109922086384, 0.20986971808612787]",27.396382028780412,211,372
