Optimised parameters,Optimal MM nr,nr iterations,nr evaluations
"[1.9974250696611622, 3.5196126371526257, 2.4829623459367354]",30.397009397611498,170,309
