Optimised parameters,Optimal MM nr,nr iterations,nr evaluations
"[2.7154322674147484, 1.9999997304754116, 4.000000002597329, 5.0928401410247925]",26.415075020392756,222,405
