Optimised parameters,Optimal MM nr,nr iterations,nr evaluations
"[3.4425608966467887, 3.9989414792432294, 1.9999999538824844, 0.2456849249538402, 0.14607707434169104]",27.167422322252527,572,997
