Optimised parameters,Optimal MM nr,nr iterations,nr evaluations
"[2.7650537853916233, 1.9999924069337245, 1.9966214970438507, 0.1680264275034503, 0.20285384138277923]",27.39679911510051,197,347
