Optimised parameters,Optimal MM nr,nr iterations,nr evaluations
"[3.150229937784594, 2.8498060938020204, 1.9999858025916213, 0.34248631851649697, 0.016548528587959497]",29.65127106332444,243,428
