Optimised parameters,Optimal MM nr,nr iterations,nr evaluations
"[1.9999998954891312, 3.6199139555488937, 2.643375430951914, 3.7367107695824022]",26.50953572596301,168,300
