Optimised parameters,Optimal MM nr,nr iterations,nr evaluations
"[2.9951371358783403, 2.0048630303233326, 1.999999996542685, 0.03089435848785005, 0.3095897929771463]",29.5993059082144,508,859
