Optimised parameters,Optimal MM nr,nr iterations,nr evaluations
"[2.9999999988664117, 2.999873491176042, 2.022644148653534, 0.22789677602753167, 0.3968274507751374]",30.07991662437389,410,720
