Optimised parameters,Optimal MM nr,nr iterations,nr evaluations
"[2.798374045824911, 5.0931323401188076, 1.9999959025140484, 0.5214353637916509, 0.053614044331990574]",29.940512239367777,383,685
