Optimised parameters,Optimal MM nr,nr iterations,nr evaluations
"[2.9999978353647907, 2.5872925338796953, 1.999997657083171, 0.3785632214353856, 0.025994431585502423]",26.740278849368877,239,423
