Optimised parameters,Optimal MM nr,nr iterations,nr evaluations
"[3.999904634644211, 2.0001247136893885, 1.9999953349995656, 0.06806346432650662, 0.27058528500727475]",29.77811159308089,246,431
