Optimised parameters,Optimal MM nr,nr iterations,nr evaluations
"[3.9629099580921876, 2.000017227294019, 3.0370705701203367]",30.082258918530393,101,195
