Optimised parameters,Optimal MM nr,nr iterations,nr evaluations
"[4.999999555627225, 2.99996756217077, 2.0000174117135643, 0.5079493312654519, 0.16269751350605738]",29.537977194867285,312,556
