Optimised parameters,Optimal MM nr,nr iterations,nr evaluations
"[4.028662824908491, 1.9666515656452117, 1.9987552970122668, 0.16791814539042133, 0.38530246118323175]",27.39932898576588,207,364
